id;ean;nombre;stock_actual;descripcion;disponible;rebaja;precio_costo;precio_venta;codigo_fabricante;sku;marcaId;categoriaUnoId;categoriaDosId;proveedorId;unidad;archivado;alto;ancho;profundidad;peso
1;34236622;Barbijo Descartable TRICAPA ;211;;1;;;63;;;1;1;1;1;1;0;;;;
2;43242342;Lavandina Granulada - Rinde 5lt por sobre;45;;1;;;83;;;1;1;1;1;1;0;;;;
3;KPEU208;Lavavajillas Ultra Concentrado - Aloe Vera - Rinde 300 ml por sobre;3454;;1;;;103;;;1;1;1;1;1;0;;;;
4;52353573;Lavavajillas Ultra Concentrado - Glicerina - Rinde 300 ml por sobre;432;;1;;;123;;;1;1;1;1;1;0;;;;
5;KPEU2071.6;Lavavajillas Ultra Concentrado - Limon - Rinde 300 ml por sobre;59;;1;;;143;;;1;1;1;1;1;0;;;;
6;34534634345324SXD;Multiuso Cherry Rinde 5lts x sobre (p/ba�o-cocina -pisos y superficies lavables- desinfectante y desodorante);53;;1;;;163;;;1;1;1;1;1;0;;;;
7;97895673;Multiuso Lavanda Rinde 5lts x sobre (p/ba�o-cocina -pisos y superficies lavables- desinfectante y desodorante);243;;1;;;183;;;1;1;1;1;1;0;;;;
8;KVOLKamarok919;Multiuso Lim�n Rinde 5lts x sobre (p/ba�o-cocina -pisos y superficies lavables- desinfectante y desodorante);7686;;1;;;203;;;1;1;1;1;1;0;;;;
9;KVOLKamarok922;Multiuso Marino Rinde 5lts x sobre (p/ba�o-cocina -pisos y superficies lavables- desinfectante y desodorante);50;;1;;;223;;;1;1;1;1;1;0;;;;
10;KVOLKvento;Multiuso Pino Rinde 5lts x sobre (p/ba�o-cocina -pisos y superficies lavables- desinfectante y desodorante);1;;1;;;243;;;1;1;1;1;1;0;;;;
11;KRENduster;Sanitizante Purific Now 100ml (Rinde 500ml);4;;1;;;263;;;1;1;1;1;1;0;;;;
12;KRENdusteroroch;Sanitizante Purific Now SUPER CONCENTRADO 150ml (Rinde 5lts);2;;1;;;283;;;1;1;1;1;1;0;;;;
13;KRENcliomio;SANITIZANTE Saphirus  x500ml;6;;1;;;303;;;1;1;1;1;1;0;;;;
14;KTOYOcorrolla;SANITIZANTE Saphirus x 250ml;5;;1;;;323;;;1;1;1;1;1;0;;;;
15;KTOYOetios;SANITIZANTE Saphirus x 60 ml;7;;1;;;343;;;1;1;1;1;1;0;;;;
16;KTOYOhilux ;AROMATIZANTE DE AUTOS ROUTE66 FRUTOS ROJOS (NUEVA FRAGANCIA!!);6;;1;;;363;;;1;1;1;1;1;0;;;;
17;KTOYOhilux2.8;AROMATIZANTE DE AUTOS ROUTE66 MANZANA (NUEVO!!!);6;;1;;;383;;;1;1;1;1;1;0;;;;
18;KCHEVs10;AROMATIZANTE DE AUTOS ROUTE66 MARINO;2;;1;;;403;;;1;1;1;1;1;0;;;;
19;KCHEVs10MWM;AROMATIZANTE DE AUTOS ROUTE66 NARANJA (NUEVA FRAGANCIA!!);3;;1;;;423;;;1;1;1;1;1;0;;;;
20;KCHEVaveo;AROMATIZANTE DE AUTOS ROUTE66 TROPICAL;1;;1;;;443;;;1;1;1;1;1;0;;;;
21;KCHEVprisma;Carita Aromatica Saphirus x 4u. - Caribe;1;;1;;;463;;;1;1;1;1;1;0;;;;
22;KCHEVcruze;Carita Aromatica Saphirus x 4u. - Lima Limon;6;;1;;;483;;;1;1;1;1;1;0;;;;
23;KCHEVcelta;Carita Aromatica Saphirus x 4u. - Manzana;4;;1;;;503;;;1;1;1;1;1;0;;;;
24;KCHEVcorsa;Carita Aromatica Saphirus x 4u. - Multifruta;7;;1;;;523;;;1;1;1;1;1;0;;;;
25;KCHEVtracker;Carita Aromatica Saphirus x 4u. - Sport;5;;1;;;543;;;1;1;1;1;1;0;;;;
26;KFIATtoro ;"Campera Dama Hilo Lisa con bolsillo ""KIBA"" T.U Aprox t4";5;;1;;;563;;;1;1;1;1;1;0;;;;
27;KFIATpalio;"Campera Dama Hilo lisa Con Bot�n ""ANISSA"" T.U Aprox t2";2;;1;;;583;;;1;1;1;1;1;0;;;;
28;KFIATsiena;Campera Dama Hoodies con piel en el interior T2 a T4;2;;1;;;603;;;1;1;1;1;1;0;;;;
29;KFORDfocus;Campera Dama Puffer metalizada T1 a T4;3;;1;;;623;;;1;1;1;1;1;0;;;;
30;KFORDranger;"Campera Dama Tejida lisa Con cierre ""ANASTASIA"" T.Esp Aprox t7";2;;1;;;643;;;1;1;1;1;1;0;;;;
31;WR 192;Parka Dama Gabardina con corderito T1 a T6 (consultar colores);3;;1;;;663;;;1;1;1;1;1;0;;;;
32;WAP383;"Camiseta Dama ""NUTELLA"" Valvinna T.U amplio";1;;1;;;683;;;1;1;1;1;1;0;;;;
33;AKX 1446;"Camiseta Dama ""ROSY"" T.U Amplio (consultar colores)";1;;1;;;703;;;1;1;1;1;1;0;;;;
34;AKX 35321;"Camiseta Dama ""ZOE"" Valvinna T.2 A T.6 (SOLO BORDO Y NEGRO)";2;;1;;;723;;;1;1;1;1;1;0;;;;
35;F203;"Camiseta Dama Lanilla ""CHERRY"" T.2 y T.4";4;;1;;;743;;;1;1;1;1;1;0;;;;
36;F157;"Camiseta Dama Modal y lycra ""INNA"" T.U aprox t6 (c�nsultar colores)";1;;1;;;763;;;1;1;1;1;1;0;;;;
37;VKCP84425AD;Camiseta Dama T�rmica T1 a T5 (talles peque�os);0;;1;;;783;;;1;1;1;1;1;0;;;;
38;A179;"Musculosa Dama batick ""MONICA"" T.U Aprox t3";5;;1;;;803;;;1;1;1;1;1;0;;;;
39;A224;"Musculosa Dama batick ""MONICA"" T.U PACK X 4 UNIDADES";6;;1;;;823;;;1;1;1;1;1;0;;;;
40;A151RS;"Musculosa Dama devore ""AQUA"" T.2 a T.6 (Frases Varias)";4;;1;;;843;;;1;1;1;1;1;0;;;;
41;VKPC8140AD;"Musculosa Dama devore ""BLACK"" T.2 a T.6 (Frases varias)";2;;1;;;863;;;1;1;1;1;1;0;;;;
42;VKCP81210A;"Musculosa Dama devore ""PINK"" T.2 a T.6 (Frases Varias)";1;;1;;;883;;;1;1;1;1;1;0;;;;
43;O106;"Musculosa Dama devore ""YELLOW"" T.2 a T.6 (Frases Varias)";3;;1;;;903;;;1;1;1;1;1;0;;;;
44;O137 ;Musculosa Dama Modal y Lycra Lisa T1 a T4 SOLO BLANCO;2;;1;;;923;;;1;1;1;1;1;0;;;;
45;O262;"Musculosa Dama Modal y Spum ""KIRA"" T.U  - Varios motivos - (Abarca hasta un t4)";3;;1;;;943;;;1;1;1;1;1;0;;;;
46;VKPC85624P19;"Musculosa Dama Rayada ""SWEET"" T.U aprox t4";2;;1;;;963;;;1;1;1;1;1;0;;;;
47;F140;"Musculosa Dama Spum ""ZAFIRA"" T1 a T4 talles reales!";2;;1;;;983;;;1;1;1;1;1;0;;;;
48;BA418;"Musculosa Dama valvinna ""TITA"" Rayada T.U (SOLO ROSA)";1;;1;;;1003;;;1;1;1;1;1;0;;;;
49;BA513;"Remera Dama M/C ""KIM"" espalda abierta  T.U Aprox t3";4;;1;;;1023;;;1;1;1;1;1;0;;;;
50;C114 ;"Remera Dama M/C ""MADISON"" T.U Aprox t3";1;;1;;;1043;;;1;1;1;1;1;0;;;;
51;R228;"Remera Dama M/C Alg. ""GRETA"" T1 a T6";1;;1;;;1063;;;1;1;1;1;1;0;;;;
52;MM100001;Remera Dama M/C Modal Premium FRASES + T2 a T10;1;;1;;;1083;;;1;1;1;1;1;0;;;;
53;MM100010;"Remera Dama M/C Modal y spum ""AINARA"" PACK X 4 UNIDADES T.U (surtido de color y dise�o)";2;;1;;;1103;;;1;1;1;1;1;0;;;;
54;VKCP83644A;"Remera Dama M/C Modal y spum ""AINARA"" T.U -Varios motivos - (abarca hasta un t5)";1;;1;;;1123;;;1;1;1;1;1;0;;;;
55;HD2696;Remera Dama M/C Spum lisa T.U Aprox t4 (ideal para sublimar);1;;1;;;1143;;;1;1;1;1;1;0;;;;
56;BA429;"Remera Dama sublimada ""TEEN"" T.U";1;;1;;;1163;;;1;1;1;1;1;0;;;;
57;C155;Remeron Dama 3 colores T2 a T4;1;;1;;;1183;;;1;1;1;1;1;0;;;;
58;C113;Remeron Dama Choquer Lanilla T2 a T4;1;;1;;;1203;;;1;1;1;1;1;0;;;;
59;R179 RS;"Remeron Dama M/C Modal y Spum ""SARA"" PACK X 3 UNIDADES T.U ";1;;1;;;1223;;;1;1;1;1;1;0;;;;
60;VKPC86206A;"Remeron Dama M/C Modal y Spum ""SARA"" T.U - Varios motivos - (Abarca hasta t7)";5;;1;;;1243;;;1;1;1;1;1;0;;;;
61;R236;"Remeron Dama spum ""TOONS"" T.U";4;;1;;;1263;;;1;1;1;1;1;0;;;;
62;R216 ;"Remeron Dama Valvinna  Jersey peinado ""BANGKOK"" T.U Amplio!";1;;1;;;1283;;;1;1;1;1;1;0;;;;
63;VKMA04226A G043N;Top Dama Deportivo Combinado T1 a T3;1;;1;;;1303;;;1;1;1;1;1;0;;;;
64;VKMA04212A ;Jogger Dama Friza Premium liso con el�stico en tobillo T1 a T5;2;;1;;;1323;;;1;1;1;1;1;0;;;;
65;VAL50038182;Jogging Dama Babucha friza Intermedia T1 a T5;1;;1;;;1343;;;1;1;1;1;1;0;;;;
66;VKMA05012A s0870;Jean Dama Azul Desgastado T36 a T46;1;;1;;;1363;;;1;1;1;1;1;0;;;;
67;VKMA05224A s0320;Jean Dama Azul Liso T36 A T46 ;1;;1;;;1383;;;1;1;1;1;1;0;;;;
68;VKMA05121A s232N;Jean Dama azul localizado Calidad Premium T48 a T56;1;;1;;;1403;;;1;1;1;1;1;0;;;;
69;VKMA01107A s2020;Jean Dama Azul Localizado T36 A T46 ;1;;1;;;1423;;;1;1;1;1;1;0;;;;
70;VKMA01106A s127N;Jean Dama celeste Claro T36 a T46;3;;1;;;1443;;;1;1;1;1;1;0;;;;
71;VKMA01250;Jean Dama Elastizado CELESTE liso T36 A T46;1;;1;;;1463;;;1;1;1;1;1;0;;;;
72;KD-D401;Jean Dama Elastizado Chupin Celeste claro T.48 al 56;1;;1;;;1483;;;1;1;1;1;1;0;;;;
73;Original VW 03L198119F;Jean Dama Elastizado NEGRO T36 A T46 ;2;;1;;;1503;;;1;1;1;1;1;0;;;;
74;Original VW;Jean Dama Elastizado OXIDO liso T36 A T46;1;;1;;;1523;;;1;1;1;1;1;0;;;;
75;KD-D505;Jean Dama Estilizados NEVADO T48 a T56;1;;1;;;1543;;;1;1;1;1;1;0;;;;
76;K-010;Jean Dama Nevado azul T36 T46;5;;1;;;1563;;;1;1;1;1;1;0;;;;
77;KT1508;Jean Dama Nevado Celeste T36 T46;4;;1;;;1583;;;1;1;1;1;1;0;;;;
78;VKMA03254A 356P;Jean Dama Premium  Elastizado Chupin T36 a T46 (SOLO BLANCO C/ROTURA);1;;1;;;1603;;;1;1;1;1;1;0;;;;
79;ZRK1128;Jogger Dama de Bengalina T.1 A T.5 (consultar colores);1;;1;;;1623;;;1;1;1;1;1;0;;;;
80;141SPPLUS254H;Palazzo Dama Morley de lanilla T1 a T5 (SOLO MOSTAZA);3;;1;;;1643;;;1;1;1;1;1;0;;;;
81;VKMA03241A;Pantal�n Dama Fibrana Estampado T2 a T5 (solo liso negro);1;;1;;;1663;;;1;1;1;1;1;0;;;;
82;0829 C8;"Pantalon Dama Seda fria ""BETT""  T1 a T6 (Estampas varias)";1;;1;;;1683;;;1;1;1;1;1;0;;;;
83;AP083062;Calza Algod�n Deportiva Combinada T1 a T5 (solo fondo negro);1;;1;;;1703;;;1;1;1;1;1;0;;;;
84;AP0816H6;Calza Dama Algod�n recta T1 al T5 ;1;;1;;;1723;;;1;1;1;1;1;0;;;;
85;VKMA01280;Calza Dama Capri Lycra Lisa T1 A T5;0;;1;;;1743;;;1;1;1;1;1;0;;;;
86;7701477517;Calza Dama ciclista Jaspeada T1 a T5;1;;1;;;1763;;;1;1;1;1;1;0;;;;
87;130C17529R;Calza Dama de Lycra Recta T1 AL T5 ;1;;1;;;1783;;;1;1;1;1;1;0;;;;
88;117209732R;Calza Dama de Lycra Termica Recta T1 A T5;1;;1;;;1803;;;1;1;1;1;1;0;;;;
89;K1406;Calza Dama Lycra Ciclista T1 a T5 (Negro y Melange);1;;1;;;1823;;;1;1;1;1;1;0;;;;
90;KH171;Calza Dama Lycra Lisa Chupin Premium T1 al T5 (NEGRO, GRIS, MARINO);1;;1;;;1843;;;1;1;1;1;1;0;;;;
91;VKMA06009A ;Calza Dama Lycra Lisa con logo T. Especial T6 A T8;1;;1;;;1863;;;1;1;1;1;1;0;;;;
92;VKMA06003A;Calza Dama Lycra Termica con Bolsillo estilo deportiva T1 a T5;1;;1;;;1883;;;1;1;1;1;1;0;;;;
93;KTB160;Calza Dama Lycra Termica Deportiva con recorte T1 a T5;1;;1;;;1903;;;1;1;1;1;1;0;;;;
94;KTB901;Calza Dama Lycra Termica lisa Premium T1 a T5 (SOLO DE COLOR);1;;1;;;1923;;;1;1;1;1;1;0;;;;
95;KTB902;Calza Dama Lycra Termica Talle Especial T6 al T8;3;;1;;;1943;;;1;1;1;1;1;0;;;;
96;KTB903 ;Calza Dama Lycra y Engomado T1 a T5;1;;1;;;1963;;;1;1;1;1;1;0;;;;
97;KTB907;Calza Dama T�rmica C/Piel Lisa T.1 A T.5;1;;1;;;1983;;;1;1;1;1;1;0;;;;
98;KTB196;"Bufanda dama ""POMPOM"" tejida (colores varios)";1;;1;;;2003;;;1;1;1;1;1;0;;;;
99;KTB221;"Cardigan Dama Acrilico liso ""LASSIE"" T.U";2;;1;;;2023;;;1;1;1;1;1;0;;;;
100;208;"RUANA ""DALAS"" T.U";1;;1;;;2043;;;1;1;1;1;1;0;;;;
101;23;"Sweater Dama Bremer con Costura ""MACA"" T.U";1;;1;;;2063;;;1;1;1;1;1;0;;;;
102;90502545;"Sweater Dama Bremer Rayado c/volado en Hombros ""ELENA"" T.U";2;;1;;;2083;;;1;1;1;1;1;0;;;;
103;93353848;"Sweater Dama Calado Acrilico ""OLIVIA"" T.U";1;;1;;;2103;;;1;1;1;1;1;0;;;;
104;109113-L;"Conjunto Dama Microfibra t�rmica ""ASPER"" T1 A T6";1;;1;;;2123;;;1;1;1;1;1;0;;;;
105;6PR8053;"Monito Dama viscosa Liso ""ELISA"" T.U (Colores varios)";1;;1;;;2143;;;1;1;1;1;1;0;;;;
106;6PR8052;"Vestido Dama modal c/bolsillo ""ALMA"" T.U";1;;1;;;2163;;;1;1;1;1;1;0;;;;
107;PS32240C000;"Vestido Dama Modal y Spum ""GLAM"" T.U (abarca hasta un t5) Varios Modelos";2;;1;;;2183;;;1;1;1;1;1;0;;;;
108;N24089;"Vestido Dama musculosa con bolsillo ""CAMILA"" T.U (colores varios)";1;;1;;;2203;;;1;1;1;1;1;0;;;;
109;N24004;"Vestido Dama Sublimado ""PLAYERO"" T.U (varios dise�os, consultar)";3;;1;;;2223;;;1;1;1;1;1;0;;;;
110;BPR6EY;"Jardinero Dama Jean ""JOSSI"" T36 a T44";1;;1;;;2243;;;1;1;1;1;1;0;;;;
111;BKR6EZ;"Jumper Dama Jean ""SUSAN"" T36 a T44";1;;1;;;2263;;;1;1;1;1;1;0;;;;
112;BKR6ESZ-10;"Pollera Dama Larga modal ""BUNNY"" T.U";1;;1;;;2283;;;1;1;1;1;1;0;;;;
113;TR6B-13;"Short Dama Bengalina ""LAZO"" T.1 a T.5";4;;1;;;2303;;;1;1;1;1;1;0;;;;
114;BKUR5ETC-10;"Short Dama Encaje ""CHERYL"" T.S - M - L ";4;;1;;;2323;;;1;1;1;1;1;0;;;;
115;BPR6ES;"Short Dama fibrana ""FRESNO"" T6 a T10 (modelos varios)";1;;1;;;2343;;;1;1;1;1;1;0;;;;
116;HR7MCU;"Short Dama Fibrana ""PAULINA""  T.2 a T.5";1;;1;;;2363;;;1;1;1;1;1;0;;;;
117;VR8SC;Short Dama Lycra Estampado T1 a T5 (estampados varios);1;;1;;;2383;;;1;1;1;1;1;0;;;;
118;DY15YC;Short Dama Modal y lycra estampado con Puntilla T1 a T6;2;;1;;;2403;;;1;1;1;1;1;0;;;;
119;H3734RC;"Short Dama Morley ""ZAIRA"" T1 a T5";4;;1;;;2423;;;1;1;1;1;1;0;;;;
120;H1743RC;"Short Dama Morley c/lazo ""JULIET"" T1 A T5";8;;1;;;2443;;;1;1;1;1;1;0;;;;
121;H1832C;"Short Dama Morley c/lazo ""LARA"" T6 a T10";16;;1;;;2463;;;1;1;1;1;1;0;;;;
122;H1865RC;"short dama rustico ""ANGIE"" T1 AL T6";8;;1;;;2483;;;1;1;1;1;1;0;;;;
123;H1725RDP;"Short Dama Rustico ""KISS"" T1 A T5";28;;1;;;2503;;;1;1;1;1;1;0;;;;
124;H1763RC;"Short Dama Seda Fria "" VIRGINIA"" T1 a T6";8;;1;;;2523;;;1;1;1;1;1;0;;;;
125;H2814RC;"Pantal�n Dama Pijama de invierno ""PILU"" T2 a T6";4;;1;;;2543;;;1;1;1;1;1;0;;;;
126;H3713RC;"Pijama Dama Algod�n y Lycra ""HOMERO"" T1 A T3";4;;1;;;2563;;;1;1;1;1;1;0;;;;
127;LSPKR6E;"Pijama Dama Algod�n y Lycra ""LISA"" T1 A T3";19;;1;;;2583;;;1;1;1;1;1;0;;;;
128;LSPFR5B;Pijama Dama remera manga Corta y Pantalon largo Modelos Varios T.2 a T4;14;;1;;;2603;;;1;1;1;1;1;0;;;;
129;LSP6R05;Campera Nena Algod�n  Linea Intermedia colegial T4 a T16;8;;1;;;2623;;;1;1;1;1;1;0;;;;
130;LSPKUR5ETC-10;"Campera Nena Algod�n Rustico Premium ""BBB""  T4 a T16";7;;1;;;2643;;;1;1;1;1;1;0;;;;
131;LSPZKAR7A;Campera Nena Algodon Colegial Premium T4 a T14;10;;1;;;2663;;;1;1;1;1;1;0;;;;
132;LSP6PR01;"Campera Nena Modal Estampada ""SOFIA"" T4 a T14 (estampados varios)";7;;1;;;2683;;;1;1;1;1;1;0;;;;
133;LSPKR6ESZ-10;Campera Nena Modal y Lycra Lisa T4 a T14;12;;1;;;2703;;;1;1;1;1;1;0;;;;
134;HU110;"Campera Nena Peluche bi faz ""CANDY"" T4 a T16";2;;1;;;2723;;;1;1;1;1;1;0;;;;
135;HU111;"Camiseta Nena Algod�n ""LOVE"" T4 a T14";12;;1;;;2743;;;1;1;1;1;1;0;;;;
136;HU112;"Camiseta Nena Algodon ""JAZMIN"" T2 a T14";12;;1;;;2763;;;1;1;1;1;1;0;;;;
137;HU130;"Camiseta Nena Lanilla ""EMILI"" T4 a T16";10;;1;;;2783;;;1;1;1;1;1;0;;;;
138;HU147;"Camiseta Nena Modal y algod�n ""PILAR"" T6 a T14";8;;1;;;2803;;;1;1;1;1;1;0;;;;
139;HU148;"Camiseta Nena Modal y Laycra ""DIANA"" T4 a T16";20;;1;;;2823;;;1;1;1;1;1;0;;;;
140;HU153;"Musculosa Nena Algodon ""CALI""  T4 a T16";16;;1;;;2843;;;1;1;1;1;1;0;;;;
141;HU138;"Musculosa Nena MYL ""ZOE"" T4 a T16";12;;1;;;2863;;;1;1;1;1;1;0;;;;
142;HU252;"Pupera Nena brodery con cadenita ""LORNA"" T4 a T16";39;;1;;;2883;;;1;1;1;1;1;0;;;;
143;4067;"Remera Nena M/C ""ELEONORA"" T4 a T14";8;;1;;;2903;;;1;1;1;1;1;0;;;;
144;HB3023;"Remera Nena M/C Algodon ""AMBHER"" T2 a T16";17;;1;;;2923;;;1;1;1;1;1;0;;;;
145;HB3019;Remera Nena M/C Algodon Lisa Linea Intermedia T4 a T16;22;;1;;;2943;;;1;1;1;1;1;0;;;;
146;HB3020;Remera Nena M/C Algodon Lisa Premium T4 a T16 (SOLO AZUL);29;;1;;;2963;;;1;1;1;1;1;0;;;;
147;64008;"Remera Nena Modal y Lycra ""VIKO"" T4 A T14";34;;1;;;2983;;;1;1;1;1;1;0;;;;
148;6610 S;Jogging Nena Algod�n frizado premium  T4 a T14;12;;1;;;3003;;;1;1;1;1;1;0;;;;
149;2658;Jogging Nena Babucha Rustico Premium T4 a T14 talle real;12;;1;;;3023;;;1;1;1;1;1;0;;;;
150;70017;Palazzo Nena lanilla y lycra T4 a T16;4;;1;;;3043;;;1;1;1;1;1;0;;;;
151;HB2047;"Pantalon Nena cuadrille de invierno ""ELEPHANT"" T4 a T14";1;;1;;;3063;;;1;1;1;1;1;0;;;;
152;HB2049;"Buzo Nena Alg. Frizado Premium ""HOPE"" T4 a T14";1;;1;;;3083;;;1;1;1;1;1;0;;;;
153;HB2132;"Buzo Nena Algod�n Friza Intermedia ""TOONS"" T2 A T12";1;;1;;;3103;;;1;1;1;1;1;0;;;;
154;HB2129;"Buzo Nena Algod�n frizada Invisible  ""OLIVIA"" T4 a T16";5;;1;;;3123;;;1;1;1;1;1;0;;;;
155;HB2017;"Buzo Nena Algod�n frizada Invisible ""PAWSITIVE"" T4 a T16";1;;1;;;3143;;;1;1;1;1;1;0;;;;
156;HB2018;"Buzo Nena Algod�n frizada Invisible ""SIA"" T4 a T16";1;;1;;;3163;;;1;1;1;1;1;0;;;;
157;F000ZS0203;"Buzo Nena Lanilla con estampa ""BALONS"" T.6 a T.16";1;;1;;;3183;;;1;1;1;1;1;0;;;;
158;70033;"Buzo Nena Lanilla con estampa ""QUEEN"" T.6 a T.16";1;;1;;;3203;;;1;1;1;1;1;0;;;;
159;70006;"Buzo Nena Lanilla premiumy aplique ""JESSA"" T4 a T14";1;;1;;;3223;;;1;1;1;1;1;0;;;;
160;70038;"Buzo Nena Lanilla y lycra ""COLIBRI"" T4 a T14";1;;1;;;3243;;;1;1;1;1;1;0;;;;
161;BI0012MM;"Maxi Buzo Nena Algod�n Rustico Premium ""KATIE"" T4 a T16";2;;1;;;3263;;;1;1;1;1;1;0;;;;
162;547200;"Sweater Nena Lana Bucle ""BAMBI"" T4 a T14";7;;1;;;3283;;;1;1;1;1;1;0;;;;
163;547252;"Sweater Nena Lurex ""LUANA"" T4 a T14";3;;1;;;3303;;;1;1;1;1;1;0;;;;
164;HB2105;Jean Nena Premium con Lentejuelas T4 a T16;1;;1;;;3323;;;1;1;1;1;1;0;;;;
165;HB2104;"Pollera Nena Jean ""ALICE"" T4 a T14";1;;1;;;3343;;;1;1;1;1;1;0;;;;
166;531801;"Pollera Nena Jean ""EMILI"" T4 a T14";1;;1;;;3363;;;1;1;1;1;1;0;;;;
167;04-1799;"Pollera Nena Jean ""LILY"" T4 a T14";1;;1;;;3383;;;1;1;1;1;1;0;;;;
168;04-1789;Calza Nena Algodon y Lycra con bolsillo delantero Calidad intermedia T4 a T16;1;;1;;;3403;;;1;1;1;1;1;0;;;;
169;C816;Calza Nena Lanilla Estampada T4 a T14;0;;1;;;3423;;;1;1;1;1;1;0;;;;
170;03-1759;"Calza Nena Lycra frizada ""PERSONAJES"" T4 A T14";1;;1;;;3443;;;1;1;1;1;1;0;;;;
171;03-1739;Calza Nena Lycra frizada con Piel T4 a T16 (consultar colores);1;;1;;;3463;;;1;1;1;1;1;0;;;;
172;02-1796;Calza Nena Lycra frizada estampada T4 a T14;1;;1;;;3483;;;1;1;1;1;1;0;;;;
173;06-1730;Calza Nena lycra T�rmica Lisa T2 a T16 (SOLO NEGRO);2;;1;;;3503;;;1;1;1;1;1;0;;;;
174;529131;"Calza Nena Modal Lisa ""ISIS"" T4 a T16 Colores Varios";1;;1;;;3523;;;1;1;1;1;1;0;;;;
175;05-33044;Calza Nena T�rmica Estampada T4 a T14;1;;1;;;3543;;;1;1;1;1;1;0;;;;
176;TD920;Calza Nena T�rmica Lisa T4 A T14;3;;1;;;3563;;;1;1;1;1;1;0;;;;
177;TD921;"Pantalon Nena Bengalina ""UMA"" T4 a T16";1;;1;;;3583;;;1;1;1;1;1;0;;;;
178;TD924;"Conjunto Nena Modal ""SKYE"" T4 a T14 (SOLO BEIGE Y AZUL)";1;;1;;;3603;;;1;1;1;1;1;0;;;;
179;TD970;"Vestido nena Algodon ""CECI"" T4 a T16";6;;1;;;3623;;;1;1;1;1;1;0;;;;
180;TD971;"Vestido Nena Encaje con cadenita ""AMPI"" T4 a T16";2;;1;;;3643;;;1;1;1;1;1;0;;;;
181;TD973;"Vestido Nena liso con boton de madera ""APRIL"" T4 A T16";1;;1;;;3663;;;1;1;1;1;1;0;;;;
182;TR673;"Vestido Nena Modal ""LOVELY""  T4 a T16";1;;1;;;3683;;;1;1;1;1;1;0;;;;
183;4500;"Vestido Nena Viscosa Plumerin ""DEAR""  T4 a T16";1;;1;;;3703;;;1;1;1;1;1;0;;;;
184;CP0001;Campera Nene Algod�n Friza Invisible lisa con aplique T4 a T16;2;;1;;;3723;;;1;1;1;1;1;0;;;;
185;3697-01;"Campera Nene Algod�n Intermedio ""AMONGUS"" T6 a T16 (consultar colores)";3;;1;;;3743;;;1;1;1;1;1;0;;;;
186;4501;"Campera Nene Algod�n Intermedio combinado ""MILO"" T4 a T16";1;;1;;;3763;;;1;1;1;1;1;0;;;;
187;941000000000;"Campera Nene Algodon Premium con piel en el interior  ""JUNIOR"" T4 a T16 (Talles Medianos)";4;;1;;;3783;;;1;1;1;1;1;0;;;;
188;3696-A;"Campera Nene inflada lisa relleno de guata ""BOB"" T4 a T14";2;;1;;;3803;;;1;1;1;1;1;0;;;;
189;13268;"Campera Nene Jogging Con Corderito ""FREEFIRE"" T4 A T16";3;;1;;;3823;;;1;1;1;1;1;0;;;;
190;1538-01;"Camiseta Nene Algod�n ""DRAGONW"" T4 a T16";2;;1;;;3843;;;1;1;1;1;1;0;;;;
191;1980-01;"Camiseta Nene Algod�n ""PLAY"" T4 a T16";4;;1;;;3863;;;1;1;1;1;1;0;;;;
192;1538-01;"Camiseta Nene Algod�n Jaspeado ""JASPER"" T4 a T16 (estampas varias)";1;;1;;;3883;;;1;1;1;1;1;0;;;;
193;1501-01;"Camiseta Nene Algod�n Linea Eco ""POLO"" T2 a T14 (personajes Varios)";1;;1;;;3903;;;1;1;1;1;1;0;;;;
194;1489-01;"Camiseta Nene Algod�n Peinado ""PALMERAS"" T4 a T14";3;;1;;;3923;;;1;1;1;1;1;0;;;;
195;1981;"Camiseta Nene Algodon premium ""DOG"" T4 a T14";3;;1;;;3943;;;1;1;1;1;1;0;;;;
196;3095;"Camiseta Nene Algodon Premium ""SOUND"" T4 a T14";1;;1;;;3963;;;1;1;1;1;1;0;;;;
197;310226;Camiseta Nene Lanilla lisa T4 a T16;1;;1;;;3983;;;1;1;1;1;1;0;;;;
198;12688;Camiseta Nene Lisa Blanca Colegial T4 a T16;1;;1;;;4003;;;1;1;1;1;1;0;;;;
199;1504-01;Camiseta Nene T�rmica T4 a T16;2;;1;;;4023;;;1;1;1;1;1;0;;;;
200;1062;Camiseta Termica ni�o con logo T4 a T16;1;;1;;;4043;;;1;1;1;1;1;0;;;;
201;2360;"Musculosa Nene Algod�n econ�mico ""SEBITA"" T4 a T14";1;;1;;;4063;;;1;1;1;1;1;0;;;;
202;HG31128;"Musculosa Nene Algodon ""RYDER""  T4 a T12";1;;1;;;4083;;;1;1;1;1;1;0;;;;
203;44210;"Musculosa Nene Algodon combinado ""BINGO"" T4 a T16";1;;1;;;4103;;;1;1;1;1;1;0;;;;
204;AC30940;"Remera Nene M/C Algod�n ""HULK"" T4 a T16";1;;1;;;4123;;;1;1;1;1;1;0;;;;
205;HG33036;"Remera Nene M/C Algod�n ""PAW PATROL"" T4 a T10";1;;1;;;4143;;;1;1;1;1;1;0;;;;
206;38205E;"Remera Nene M/C Algod�n ""SONIC"" T4 a T16";1;;1;;;4163;;;1;1;1;1;1;0;;;;
207;IM600521;"Remera Nene M/C Algod�n ""SPIDERMAN"" T4 a T16";2;;1;;;4183;;;1;1;1;1;1;0;;;;
208;GB27611;Remera Nene M/C Algod�n Lisa Linea Intermedia T4 a T16;1;;1;;;4203;;;1;1;1;1;1;0;;;;
209;5LE95604;"Remera Nene M/C Algod�n Peinado ""MOTION"" T4 AL T16";2;;1;;;4223;;;1;1;1;1;1;0;;;;
210;95603E;"Remera Nene M/C Algodon Peinado ""BBB""  T4 a T16 Reales";2;;1;;;4243;;;1;1;1;1;1;0;;;;
211;HG311184;"Remera Nene M/C Algodon peinado con Bolsillo ""PALM"" T2 a T14 reales";4;;1;;;4263;;;1;1;1;1;1;0;;;;
212;GB47061;"Remera Nene M/C Spum ""HOGGIE"" RA 4D X UNIDAD T2 a T14";2;;1;;;4283;;;1;1;1;1;1;0;;;;
213;HG31101;"Remera Nene M/C Spum ""RYAN"" T4 a T14";0;;1;;;4303;;;1;1;1;1;1;0;;;;
214;5LM84754;Jogging Nene Babucha Friza SimpleT4 AL T16;2;;1;;;4323;;;1;1;1;1;1;0;;;;
215;SP7305;Jogging Nene con recorte de color Frizado T4 a T16;2;;1;;;4343;;;1;1;1;1;1;0;;;;
216;38040;Jogging Nene Frizado AMONGUS T4 a T16;2;;1;;;4363;;;1;1;1;1;1;0;;;;
217;84731;Jogging Nene Rustico Colegial Unisex T4 AL T14 (NEGRO,VERDE, BORDO Y GRIS);1;;1;;;4383;;;1;1;1;1;1;0;;;;
218;L13002MY;Pantal�n Nene Microfibra con Logo T4 a T16;1;;1;;;4403;;;1;1;1;1;1;0;;;;
219;SP7546;"Buzo Algodon Friza simple ""DINOS"" T4 a T12";2;;1;;;4423;;;1;1;1;1;1;0;;;;
220;SP7426;"Buzo Nene Algod�n con aplique de Luz ""BENICIO"" T4 A T16";2;;1;;;4443;;;1;1;1;1;1;0;;;;
221;SP7425;"Buzo Nene Algod�n Friza Invisible ""AMONGUS"" T4 a T16";2;;1;;;4463;;;1;1;1;1;1;0;;;;
222;SP7026;"Buzo Nene Algod�n Friza Invisible ""MINECRAFT"" T4 AL T16";2;;1;;;4483;;;1;1;1;1;1;0;;;;
223;HG33002;"Buzo Nene Algod�n Friza Invisible ""PAWPATROL"" T4 AL T16";2;;1;;;4503;;;1;1;1;1;1;0;;;;
224;94208E;"Buzo Nene Algod�n Friza Invisible ""SONIC"" T4 AL T16";2;;1;;;4523;;;1;1;1;1;1;0;;;;
225;34214G;"Buzo Nene Algod�n Friza Invisible ""SPIDER"" T4 AL T16";2;;1;;;4543;;;1;1;1;1;1;0;;;;
226;HG31190 ;"Buzo Nene Algodon friza Invisible ""BORN"" T4 a T16 Talles reales";2;;1;;;4563;;;1;1;1;1;1;0;;;;
227;IM60520;"Buzo Nene Algodon friza Invisible ""KIND"" T4 a T16";3;;1;;;4583;;;1;1;1;1;1;0;;;;
228;44460E;Buzo Unisex Jogging Colegial T12 y 14 ;2;;1;;;4603;;;1;1;1;1;1;0;;;;
229;HG33036;Buzo Unisex Jogging Colegial T4 a T10;1;;1;;;4623;;;1;1;1;1;1;0;;;;
230;HG33063;Jean Nene Chupin AZUL LOCALIZADO T4 a T16;2;;1;;;4643;;;1;1;1;1;1;0;;;;
231;HG33062;Jean Nene Chupin AZUL ROTURA T4 a T16;2;;1;;;4663;;;1;1;1;1;1;0;;;;
232;2883805;Jean Nene Chupin CELESTE LOCALIZADO T4 a T16;0;;1;;;4683;;;1;1;1;1;1;0;;;;
233;QUARTZ700010w404;Jean Nene Chupin CELESTE MEDIO ROTURA T4 a T16;1;;1;;;4703;;;1;1;1;1;1;0;;;;
234;TUTELATRANSIMISSION75W901;Jean Nene Chupin CELESTE ROTURA T4 a T16;2;;1;;;4723;;;1;1;1;1;1;0;;;;
235;SYNTIUM30001;Jean Nene Corte Chino  T4 a T16 (colores Varios);2;;1;;;4743;;;1;1;1;1;1;0;;;;
236;SYNTIUM30004;"Joger Nene Gabardina ""MUSTARD"" T4 a T16 ";2;;1;;;4763;;;1;1;1;1;1;0;;;;
237;FRENOTIPO40.5;"Campera Hombre Algodon Friza invisible lisa ""ADD"" T1 a T5";0;;1;;;4783;;;1;1;1;1;1;0;;;;
238;4502;"Campera Hombre Algodon Friza invisible lisa ""COLE"" T1 a T5 (colores varios)";1;;1;;;4803;;;1;1;1;1;1;0;;;;
239;185/60R14michelin ;Campera Hombre Algodon frizado con Detalle de Sire T3 a T6;1;;1;;;4823;;;1;1;1;1;1;0;;;;
240;175/65R14michelin ;Campera Hombre Canelon con polar en interior T1 a T5 taales medianos (solicitar medidas);0;;1;;;4843;;;1;1;1;1;1;0;;;;
241;;Campera hombre inflada con piel calidad de importaci�n T.S a T XL (talles reales) ;13;;1;;;4863;;;1;1;1;1;1;0;;;;
242;;Campera Hombre Jaspeada Premium T.Especial T7 al T10;17;;1;;;4883;;;1;1;1;1;1;0;;;;
243;;Campera Hombre Microfibra lisa con logos varios T1 a T5;58;;1;;;4903;;;1;1;1;1;1;0;;;;
244;;Campera Hombre Moline 3 colores T.Especial T6 a T10;58;;1;;;4923;;;1;1;1;1;1;0;;;;
245;;Campera Hombre Moline 3 colores T1 a T5;25;;1;;;4943;;;1;1;1;1;1;0;;;;
246;;Campera Hombre Polar Soft T1 a T5;1;;1;;;4963;;;1;1;1;1;1;0;;;;
247;;Campera Hombre Rompeviento con interior de polar T2 a T6;16;;1;;;4983;;;1;1;1;1;1;0;;;;
248;;Camiseta Hombre Algod�n Estampada T1 a T5;8;;1;;;5003;;;1;1;1;1;1;0;;;;
249;;Camiseta Hombre Algod�n Moline combinada T1 a T5;4;;1;;;5023;;;1;1;1;1;1;0;;;;
250;205/55R16Hankook;Camiseta Hombre Termica T1 AL T5;4;;1;;;5043;;;1;1;1;1;1;0;;;;
251;;Remera Hombre  M/C Modal y Moline 3 Colores T1 A T5;4;;1;;;5063;;;1;1;1;1;1;0;;;;
252;SYNTIUM50001;"Remera Hombre Alg. Premium ""ANCLA"" T.S a T.XXL (colores Varios)";4;;1;;;5083;;;1;1;1;1;1;0;;;;
253;ELFDIESEL15W404;"Remera Hombre Alg. Premium ""CALIFORNIA"" T.S a T.XXL (colores Varios)";5;;1;;;5103;;;1;1;1;1;1;0;;;;
254;ELF9005W404;"Remera Hombre Alg. Premium ""CITY"" T.S a T.XXL (colores Varios)";2;;1;;;5123;;;1;1;1;1;1;0;;;;
255;ELF9005W401;"Remera Hombre Alg. Premium ""MOTOCYCLE"" T.S a T.XXL (colores Varios)";4;;1;;;5143;;;1;1;1;1;1;0;;;;
256;QUARTZINEDMC35w304;"Remera Hombre Alg. Premium ""NEWYORK"" T.S a T.XXL (colores Varios)";8;;1;;;5163;;;1;1;1;1;1;0;;;;
257;SELENIA15W404;"Remera Hombre Alg. Premium ""ORIGINALS"" T.S a T.XXL (colores Varios)";2;;1;;;5183;;;1;1;1;1;1;0;;;;
258;SELENIA5W401;"Remera Hombre M/C ""ALFRED"" T1 a T5";0;;1;;;5203;;;1;1;1;1;1;0;;;;
259;FRENOTIPO31;"Remera Hombre M/C Alg. peinado lisa ""LCT"" T1 a T5";2;;1;;;5223;;;1;1;1;1;1;0;;;;
260;PARAFLU;"Remera Hombre M/C Algod�n Peinado ""AUSTIN"" T.1 a T.6 Talle Real";14;;1;;;5243;;;1;1;1;1;1;0;;;;
261;POWERENGINE;"Remera Hombre M/C Modal combinada ""NICK"" T.1 A T.5";5;;1;;;5263;;;1;1;1;1;1;0;;;;
262;WOE700;Camisa Hombre Jean Elastizada Azul localizado T.M a T.XL;5;;1;;;5283;;;1;1;1;1;1;0;;;;
263;WOE710;Camisa Hombre Jean Nevada T.M y T.L;2;;1;;;5303;;;1;1;1;1;1;0;;;;
264;WOE110;"Chomba Hombre M/C alg peinado ""TUKI"" T2 A T6";0;;1;;;5323;;;1;1;1;1;1;0;;;;
265;FCD2035;Jogging Hombre Algod�n Rustico Calidad Intermedia T1 a T5 ;2;;1;;;5343;;;1;1;1;1;1;0;;;;
266;WO160;"Jogging Hombre Algodon Friza Simple ""ADD"" T1 a T5";2;;1;;;5363;;;1;1;1;1;1;0;;;;
267;R416/1;Jogging Hombre Babucha friza invisible PREMIUM T1 a T5;15;;1;;;5383;;;1;1;1;1;1;0;;;;
268;UOE612/X;"Jogging Hombre Babucha liso Rustico ""OSCAR""  T1 a T6";20;;1;;;5403;;;1;1;1;1;1;0;;;;
269;FAP6013;Jogging Hombre Babucha rustico con Franja T1 a T5;2;;1;;;5423;;;1;1;1;1;1;0;;;;
270;FAP4865/1;Jogging Hombre Microfibra Frizado T1 a T5;15;;1;;;5443;;;1;1;1;1;1;0;;;;
271;FAP4054/2;"Jogging Hombre RUSTICO con tiras ""ADD"" T1 a T5";3;;1;;;5463;;;1;1;1;1;1;0;;;;
272;905000000000;"Buzo Hombre Alg. ""TIMOTHY"" con capucha T1 a T6";2;;1;;;5483;;;1;1;1;1;1;0;;;;
273;FCI1101/C;"Buzo Hombre Alg. Premium Friza Invisible ""THOMAS"" T.S AL T.XXL";2;;1;;;5503;;;1;1;1;1;1;0;;;;
274;WO200;"Buzo Hombre Algod�n Friza Invisible ""CLARK"" T.6 T.7 y T.8";7;;1;;;5523;;;1;1;1;1;1;0;;;;
275;WK602;"Buzo Hombre Peluchito ""BEAR"" liso T1 a T5";4;;1;;;5543;;;1;1;1;1;1;0;;;;
276;W75/5;Campera Hombre Hilo Acr�lico Premium T1 a T5;0;;1;;;5563;;;1;1;1;1;1;0;;;;
277;W66;Sweater Hombre liso escote V hilo Acrilico T1 a T5;3;;1;;;5583;;;1;1;1;1;1;0;;;;
278;WO410;Sweaters Hombre Hilo pesado T1 a T5;5;;1;;;5603;;;1;1;1;1;1;0;;;;
279;WO205;"Jean Hombre ""AMENADIEL"" T38 a T48";3;;1;;;5623;;;1;1;1;1;1;0;;;;
280;R672;"Jean Hombre ""ASRAEL"" T40 a T48";11;;1;;;5643;;;1;1;1;1;1;0;;;;
281;FCD0766;"Jean Hombre ""PLUSS"" T50 al 54 (NEGRO - AZUL)";9;;1;;;5663;;;1;1;1;1;1;0;;;;
282;PU1021X;"Jean Hombre ""RAFAEL"" T38 a T48";19;;1;;;5683;;;1;1;1;1;1;0;;;;
283;R376;"Jean Hombre ""ROLAN"" T38 a T48";1;;1;;;5703;;;1;1;1;1;1;0;;;;
284;51381;"Jean Hombre ""VARIED"" T38 y T40";1;;1;;;5723;;;1;1;1;1;1;0;;;;
285;R21;"Jean Hombre Azul ""DONATELLO"" semi elastizado T.38 AL T.48";0;;1;;;5743;;;1;1;1;1;1;0;;;;
286;R402;Jean Hombre Azul Colegial T38 a t48;3;;1;;;5763;;;1;1;1;1;1;0;;;;
287;36055;"Jean Hombre Celeste medio ""LEONARDO"" semi elastizado T38 a T48";5;;1;;;5783;;;1;1;1;1;1;0;;;;
288;AR1997;"Jean Hombre Juvenil ""DANN"" T38 a T48";1;;1;;;5803;;;1;1;1;1;1;0;;;;
289;AR1961;"Jean Hombre Oxido ""KENNETH"" semi elastizado T38 a T48";6;;1;;;5823;;;1;1;1;1;1;0;;;;
290;FAP9273;Bermuda Hombre Estampada Poplim T1 a T5 (dis�os varios);1;;1;;;5843;;;1;1;1;1;1;0;;;;
291;709;"Short Hombre Playero estampado ""MXM"" (con sostenedor) T2 a T6";1;;1;;;5863;;;1;1;1;1;1;0;;;;
292;FAP6000;"Short Hombre Rustica ""BIRD"" Calidad Premium T1 a T5";7;;1;;;80000;;;1;1;1;1;1;0;;;;
